{"cameraMode":{"drawMode":0,"name":"Shaded","section":"Shading Mode"},"sceneLighting":false,"audioPlay":false,"sceneViewState":{"showFog":true,"showMaterialUpdate":false,"showSkybox":true,"showFlares":true,"showImageEffects":true,"showParticleSystems":true},"in2DMode":false,"pivot":{"x":15.161179542541504,"y":10.139944076538086,"z":-0.10204624384641648},"rotation":{"x":-0.011180955916643143,"y":0.9464291334152222,"z":-0.32103008031845095,"w":-0.03296451270580292},"size":2.8578836917877199,"orthographic":false}