{"cameraMode":{"drawMode":0,"name":"Shaded","section":"Shading Mode"},"sceneLighting":true,"audioPlay":false,"sceneViewState":{"showFog":true,"showMaterialUpdate":false,"showSkybox":true,"showFlares":true,"showImageEffects":true,"showParticleSystems":true},"in2DMode":false,"pivot":{"x":83.12580871582031,"y":27.44103240966797,"z":3.6619644165039064},"rotation":{"x":0.14334909617900849,"y":0.7640057802200317,"z":-0.6022243499755859,"w":0.1818571835756302},"size":109.67623138427735,"orthographic":false}