{"cameraMode":{"drawMode":0,"name":"Shaded","section":"Shading Mode"},"sceneLighting":true,"audioPlay":false,"sceneViewState":{"showFog":true,"showMaterialUpdate":false,"showSkybox":true,"showFlares":true,"showImageEffects":true,"showParticleSystems":true},"in2DMode":false,"pivot":{"x":77.5757827758789,"y":0.7812042236328125,"z":-2.8011093139648439},"rotation":{"x":0.3814963698387146,"y":-0.31793615221977236,"z":0.14163987338542939,"w":0.856338381767273},"size":142.12911987304688,"orthographic":false}