{"cameraMode":{"drawMode":0,"name":"Shaded","section":"Shading Mode"},"sceneLighting":true,"audioPlay":false,"sceneViewState":{"showFog":true,"showMaterialUpdate":false,"showSkybox":true,"showFlares":true,"showImageEffects":true,"showParticleSystems":true},"in2DMode":false,"pivot":{"x":-5.723014831542969,"y":173.19921875,"z":108.8101806640625},"rotation":{"x":0.01818303018808365,"y":0.9757903218269348,"z":-0.19885164499282838,"w":0.08922276645898819},"size":346.2144470214844,"orthographic":false}